0,-320.00018214654181747392,246.53233783286989933003,84.90114004167894279362
0,-40.62530672224805528003,-118.75246170481310059586,-383.23172399840785828928
0,40.19299270249447175729,373.90001221048464685737,123.36492777519858066171
0,-316.22455593458437306253,-234.12303473396448794119,-40.46328669631115104721
0,303.37014000741896779800,-50.92660891948069945556,-226.06980121111504900000
0,-254.66295960255402519579,-259.33510998168634387184,-116.87251218483022796590
0,-137.49835142082096695049,202.98204107386752070852,271.32997893996486027390
0,186.14679671086460643892,-142.64698798070719476527,332.28610695521069828828
0,215.14641141976747462650,-121.04182419375185020272,-278.64610576112107764857
0,-143.72010182812095990812,-185.07859764445171890657,320.90951363321494227421
0,317.01689240915925438458,131.34290570064587200250,-199.68144622204775373575
0,-38.05158596006753413121,149.94930665304997319254,-343.15511655970976789831
0,74.94696721911063264088,348.18831888437790667012,159.34514722426010280287
0,-36.31094904488560359823,-299.82927212489033763632,-271.88250232657446758822
0,-132.59375341107605095203,377.17151375946514235693,0.01199110120015444043
0,272.06897401708715733548,216.00921332521599538268,155.75443273847727709835
0,-154.25223052294523995442,-253.34244718463202161729,-268.13501366256639357744
0,-40.66246400401974625538,375.96543289334772453003,123.84834186663734101330
0,-290.05487506678429099338,248.71973775896401548380,123.88074662592171648612
0,-188.75591801531692226490,200.02071949061652844648,245.68851123058090024642
0,166.62314071205366872164,-366.38909269147893610352,-42.57182515111909992811
0,-98.56276736885024547519,-173.57549443604497696469,351.76670694547692619381
0,-3.31559898979973466382,0.64771899044938263668,352.26663205880095119937
0,170.65716975040879788139,-73.17475316637913351769,-329.43455124772606268380
0,-317.64565245279737837336,-71.65833032303773109106,235.95692867759368027691
0,130.48202844306754855097,177.72951385855338912734,305.86170770129029961026
0,269.18669193307897558043,-292.62549740357235350530,-0.33462845041449018613
0,302.21248576590244283580,242.08694483529686181100,81.81759170008049864009
0,-145.23779183615909005312,-75.50881825362135657542,375.09902145792449346118
0,-385.28076898724026477794,-73.13161773565765599869,-80.67273356770500924995
0,310.38397227760890473292,-218.11696449181948764817,81.22975309295539148025
0,-260.00355763488914817572,-181.76409317371661700236,229.26732831035815252108
0,378.97928679301020338244,-116.68838517098261320371,-42.15944376596667098056
0,138.06899656737533632622,188.55828875434423252955,-323.57070297910695444443
0,-384.03496501378901939461,162.87094029468238431946,-42.70896709761398568617
0,3.46422970343442138130,-120.79225038456374363705,382.92626966406709243529
0,-321.37082560590471302930,143.33995540743580932030,-154.51768320509535215024
0,-226.10406044549065995852,269.25206159701650676652,156.03871825166748976699
0,244.46127933386534891724,125.36238984888477432378,252.53682416340961935930
0,354.54082406454989495614,215.56820278840197602221,-43.94389299675552251756
0,176.52362300735390476802,84.17011395489333835940,-348.59924197763757547364
0,197.20567027845552843246,130.95871808252402956896,-329.36783104490103823991
0,-323.27957776288064906112,-45.84803299959822453502,-185.83069094474149096641
0,78.29831003575506542802,357.40105679804850069559,-118.43129494184435657189
0,29.19228905628231274250,343.35553712424399463998,200.66003738113826670997
0,272.44027994859135333172,-114.73075923898808525792,272.14671349684454071394
0,-201.20777843229811310266,101.73874268547467636381,-304.52274641636051910609
0,-163.47646714038319259998,-354.15386850408430063908,-82.45011373966663370538
0,-109.27974007597326533414,380.82738034463386611606,-82.81701056924183035335
0,359.11253012549582308566,-7.37687212607877995652,161.78110161515044751468
0,191.95981071741135792763,45.72985138199386767610,-346.70129879976923348295
0,100.42423515287433133381,-169.41732954622162310443,353.12832589663463522811
0,315.03592488785574232679,-221.43066508421048865785,-81.56965796032805826599
0,-368.00445391169228059880,-55.51678582889874746797,-119.01174319637195253563
0,144.63028833882913204434,-219.33348220546653806196,298.92746206201036329730
0,196.16885711831935168448,-101.45593624516979502914,-308.88087660531908795747
0,89.06153606178907011781,301.67701269372992101125,229.71718516423365485934
0,238.95268640617584310348,345.20068523404262350596,-0.16921464671632377441
0,124.19133931993113151293,-313.12111296541303318008,197.32354520129675279350
0,-235.09602853674866196343,-107.07328512807953302399,-286.94396448331423243872
0,290.83545544533069460158,163.52209651975991278050,-195.44166335778280085833
0,-377.81191163247893882726,24.47691959233063840884,122.59706641130033233367
0,-91.58082877526659615341,386.38173647547921518708,42.40081089296628391594
0,215.91819235533907317404,50.94795695831612647453,309.89981962486825750602
0,85.39132613639914382020,-326.68536021246694645015,-195.67912833741877420834
0,-111.26253580288533839848,11.00461407056416973660,-369.80744807631231196865
0,32.00249846205736758975,117.55265061024908845866,-371.62955636143783522130
0,-337.87118802802206118940,-184.50932326955287976489,-79.17080105382918020496
0,166.36167390359508999609,211.63513144452531378192,-243.59979818491837022520
0,-85.48181031611795788194,194.89802100259731787446,290.81420940950198428254
0,45.65078490747796280402,-332.43468096000043487948,196.22104898682545126576
0,-286.71367056639485326741,-93.43436994333218592601,269.38401980192918472312
0,301.59263026757270154121,187.01286633367521972104,-158.25424451224634481150
0,-410.28562667161600074905,-5.78985707204921151714,0.15962205743671087355
0,239.34514949110126735832,226.88775216917400712191,193.26211809778703809570
0,113.71377951547741247396,-125.19386215854996180497,386.20178596427712136574
0,197.06866046308826412314,243.21914422844179171079,229.12342843177756890327
0,-323.44306160151387530277,12.19102418926046205172,233.80551541341171173372
0,-41.26136235557299158927,-422.72067920707399935054,-44.36516727182686992137
0,108.59309069277909998164,104.71181098571243239803,343.48493679366742981074
0,47.85427887321212381266,-284.36898063221201482520,261.14593204672939918964
0,37.04790013014891059129,-96.20579764370936004525,-371.12278317022315832219
0,18.39300325282006909333,-345.41150937917836927227,155.13079110924323344989
0,240.31411081812674979119,113.50005514048625343548,-300.63102853463658448163
0,34.74249636043840183675,-165.19130507511286509725,382.54064871160107941250
0,123.97527999473149407095,-194.77905411641202704232,326.20818817999895600224
0,-203.45680759205092158481,155.97780125925237371121,-282.44898412107227159140
0,-300.38785991491880622561,92.07372482603045682481,225.84205233717364080803
0,47.37023258989425755772,-225.02448334725104928111,-323.34562584370769400266
0,366.55421115791307329346,172.66126733287254069182,43.06962543204971893829
0,-407.32912323906930396333,-47.65838210420747600438,0.13929756782859026298
0,-250.24799853507795432961,-282.24139672950951762687,40.00565337111679298232
0,226.80934070599573715299,-304.88999087987946268186,-80.50614945847587478056
0,229.88315931145240256228,162.80773909601677473802,-255.64317823472870827572
0,355.36816374259871054164,-91.80670047957332258193,166.34268309420596665404
0,-404.47525297995110804550,37.01513682059442800210,0.10645802875933467468
0,353.93842761609960234637,176.03244389517050194627,-83.79494444154379095835
0,-192.54706689990430845683,147.35320043475800844135,268.17976636753746788600
0,-45.79272780968651801459,100.93199773584245804159,346.21525529520113195758
0,-212.01644073886774322091,-87.86226662020062860847,-315.58403148689916406511
0,74.02291781982003726625,395.89042874865350540858,43.01227955478235998044
0,167.18861262712900384031,159.37662374177207880166,-325.59501486875171849533
0,-181.97166738793686135978,-220.64476917684393697527,256.59223919818055037467
0,203.30568879990144637304,372.79903549294368758638,-44.41329955809487017859
0,-48.12563741336318656749,-375.46160563123851261480,-122.72058024811560983380
0,297.19359058153850128292,123.05609619254160236324,187.66886765135950554395
0,-336.04525234258250065977,-131.33919086394161013231,160.32665388638991998960
0,282.39359543909569083553,-246.60977591668947184189,80.33734088729522682115
0,26.69028358077514440083,-315.17706034420501737259,-231.64342243621871375581
0,337.88039643802744649292,-32.38314152676660029329,-198.04076376511997636953
0,158.02609186740863833620,378.47847527640516318570,-0.17324632149698457328
0,4.40891557944782075396,-337.49462718958437790207,-195.00771058164374949229
0,395.50319448091943286272,92.27104143903244448666,0.34012636756665648452
0,275.41169759343324585643,320.80114834337626916749,-44.34401140650280837008
0,-36.39921992010957296770,144.83931361736301823839,332.75160792129753417612
0,-403.41564828987287683049,79.04538792049379480886,43.58575991345116307230
0,-38.51589267924779136365,-392.36926802571531425201,41.84205110086194423502
0,-46.39457977003077360223,360.91510661989491381973,163.45412778116829599639
0,-44.72998943030486174166,-8.54378199222236922594,-385.66109981819374752376
0,315.70823486780489020020,-10.45403584259641327492,-233.10752674941090845095
0,-286.39185025698373010528,216.05971642688092515527,158.84010504152561793489
0,225.67129824831260975770,-27.70293710427414879405,-317.98375011286174185443
0,-5.95673620793726499301,366.39155672022633325469,163.93547728644460903524
0,-286.15516399332727814908,-247.52199474715530413960,80.13950596143762084012
0,0.02162287673832168078,380.28392224679635091888,123.88922441890602499370
0,-406.20931757144893481382,-5.73138416263772132453,43.05852836096335778393
0,-284.63770771514316493267,-259.37939996933403108414,-0.31053116621591148050
0,-25.96254522756181870591,389.21108237938159390978,83.10125456387828535298
0,38.30176720527425970886,-376.60886444201548783894,80.09502486428033307675
0,-231.04788269522740051798,-209.97279641173980735402,228.43537613758135762509
0,-223.25374297343944363092,265.80555238526807215749,-152.37239195281534875903
0,86.27864795364450856141,-212.32144194516999391453,-318.18836717083735265987
0,-238.90459792886119316790,140.61395896254884974041,247.34764006515169398881
0,80.12330620820131343862,-385.09142418107342109579,-83.04509210178018463466
0,349.54107163026014859497,-195.84685118985939311642,-42.59892137626608388246
0,146.01527408536591678967,-45.23825938930140466709,-351.84097538180947140063
0,-116.57722526936673546061,-346.11924367191897999874,76.34795342971106890673
0,102.20016254073732397956,-113.24042208565261091735,-349.43676179921629909586
0,-212.58843911640244073169,225.37840578162197857637,-223.08929612801492226026
0,287.72569665753172785116,-195.82665425911426382299,-155.34861574421083219022
0,-348.53138110165741636592,-49.67089674490671313833,202.07785278293184205722
0,399.27803774859279428711,93.14073347584744055894,-43.31556942422662359604
0,-154.02504889257582476603,334.14356338040454375005,119.50010224269286140952
0,-235.92583775798868828133,191.91255916354711530403,219.57267640608333181262
0,258.25179269791868819084,271.59249104774409033780,-122.83272012398582262449
0,-416.41343949583648509361,81.60970189474035407784,-43.46469848056100460099
0,-301.14081060182286364579,-164.54086384945188115125,198.64595912186032933278
0,-53.46403517785865489031,411.52453365972490928471,-42.93836426477985668271
0,-56.68586437324948690275,-48.09940512917523847136,-390.44345045318760867303
0,302.51195423464196210261,-210.93466318980244977865,121.01051996512923381033
0,392.15934322697677316683,-28.75620628580378834727,84.17363280110788537058
0,-247.27453483364348585383,-68.66665757484724963433,-281.76940813868071700199
0,-327.03342815004401700207,176.05201043540643013330,-118.79947511350536615282
0,-201.03598340673340771900,-126.85109521589097880678,-322.82181094699961931838
0,326.84394807618275535788,-177.92015093769330746909,-122.64525856567112782614
0,253.13316787953044695314,-50.01838193359670725613,290.51705396830521976881
0,205.10013242818820344837,-279.95227090250193668908,158.19554414104709394451
0,186.68091251658208307163,123.67376895321004326433,311.91068469084092384946
0,-162.90662628235685360778,-35.96107470623097412954,368.39005256377254227118
0,-52.64629182831139786458,272.67132131964274321945,-248.18742115336644360468
0,-253.84144482764111216966,-258.72634131418493552701,117.68108053799284107299
0,-63.38070188515243330585,-192.88389742459375497674,-350.46110056668055676710
0,7.05399943094468095950,-280.57343821580690246265,256.36308663859028911247
0,-223.26816236656867431520,27.98227902114394183286,305.59862084215802724430
0,-197.42431668960162483017,-314.59356542321495453507,-119.70662328005946051235
0,-111.41222078784552707020,-210.04374885372322978583,-330.45643573993476138639
0,-360.58705882384151664155,199.67965126009326581880,43.93894946921555089148
0,-147.20597384425170162103,271.91562971686323635367,222.85596106768252866459
0,-186.32141773530241835033,-296.87147322841468621846,113.94820795834981197459
0,-192.15008263972362101413,-174.35914665532501999223,291.72016677379548355020
0,184.30053765161665069172,43.68702257584344295083,335.08329525730641762493
0,310.39178251744658609823,-95.92562565150747388998,238.04815856378070293431
0,-70.27547449530737821988,241.11087516659253537910,277.04666456947910546660
0,299.36515802064968738705,281.87378718340983141388,-0.13369401696913124633
0,33.19714845829752647433,414.80807638601123699118,-43.21093892439832018226
0,-25.24822256430655187387,178.95922284060287665852,312.70626079113435480394
0,200.66653712459489611319,-276.64820591257267778929,-153.97236731243023655225
0,-33.48600451090793939102,-277.53613011239582419876,252.31785996020434481579
0,-87.72320026995237185474,351.88317190461862082884,161.87560572796533620021
0,-183.80595687693804052287,342.84494313789508623813,-80.47706566140263362286
0,12.96666888081816892964,-69.89190066786939325993,393.74522702595436385309
0,7.25778796429944073054,301.50184593521208853417,-218.41235743233377775141
0,-130.57062468522588005726,315.07243734871144624776,197.80058395248147462553
0,384.64517493047685547936,133.79222772169180188939,0.17941817579773350344
0,-336.47027061728425678666,-89.78725304823633734941,201.42497696928381856196
0,-9.53809642081849951012,404.53069270284089498091,0.02133135777504693853
0,-254.21919303351722874140,-286.70480843781308522011,-39.50440366683111648172
0,-11.56524605497159008394,326.38937520253261936887,-187.50195299826617656436
0,-126.80932625514529377142,-220.45341042111957108318,285.78205225986573623231
0,-349.21544671295578154968,-91.76992226326233037526,161.59124775553695485542
0,-230.33252667353212927992,244.70432905236796727877,193.03706975919700994382
0,105.84521494973323285649,-54.68098990098432210516,386.09475483358158953706
0,368.12640861428570815406,57.56881652352609535228,123.03079204970428861543
0,-336.65357582038382133760,73.98862698769255530351,199.17446976878460418448
0,-154.79562477629556838110,-304.68802480249564723636,-196.26591204877587415467
0,27.92125250942439151913,290.09340669562999437403,262.59823248966438313801
0,155.91471635633072878591,-230.62101889095563933552,-255.50607016425291817541
0,-95.40305201550060587579,152.63739190961936742497,313.90865969107784394510
0,387.08293880635801542667,-71.53233138801786594740,-84.03381248713729689825
0,-278.30552321331583698338,209.61165370495112370008,-153.04973715773019193875
0,-16.15730257578973549926,-39.12605138358203049620,-385.84632883352901444596
0,-389.39791201977027412795,119.42641808934212122040,43.40572834840561000647
0,-365.24277075536309666859,104.76277332364023209266,-121.47634580364338319214
0,-347.45328751181045845442,140.81193276505277367505,-120.61030625779125102781
0,-70.65930560440139629463,-218.39548237398889796168,315.83455776396408509754
0,-398.20498347567456676188,-47.16497039716695383049,42.71144273888369014003
0,-239.72378494120786740496,196.88789942820866940565,-224.64036275918465435097
0,-358.15663180260611397898,69.81186096914137806380,162.46992097641165742061
0,1.86913134212614662211,-117.71836601417328438401,-377.42101511775803146520
0,-102.32672069132674153025,-343.13878579153009695801,-158.64331887012212973787
0,-53.23756208091295150098,-161.88597083905614226751,382.32081640200959782305
0,-373.03503136995033173662,-170.89689221032446653226,0.43242330349234425757
0,266.63414006359198538121,-289.85569451398720275392,41.86500538575073449010
0,192.38207709467283734739,-152.64547823702358186893,-279.79226755097039358589
0,-374.34988418415554178864,133.60365375212506933167,-82.21042901688099391322
0,76.23774867691200540776,-366.71088351496723589662,79.61635237567615774879
0,129.32113854562311416885,-387.12876817100715243214,-42.87724351904414987757
0,-221.42529855587551423923,27.83897026205055880155,-301.15002024620406473332
0,67.13035622082948350453,-306.88051535000846570256,229.48175135721663764343
0,-46.33755606073864186101,347.65839634582357575709,-154.60420373681861860859
0,213.13630487794387136091,146.62725020972575862288,-291.70025336546393646131
0,208.92357771751247241809,143.50936905855064651405,284.27340898898626164737
0,185.01266104557362268679,-36.27236244070051185417,-333.16967847498233368242
0,-128.75417337736001854864,250.86818056174885782639,-251.13137906873129168162
0,-216.91968080731902546177,321.15390855809681625033,-79.78091961314311220121
0,44.92255539585612211795,-332.63344783056953701816,-195.67756733187150075537
0,-9.28452177017670088333,-163.38012972836344260941,382.04579884566891223585
0,92.51979173224546570964,170.40759542402656734339,-350.96019241421959122817
0,-395.84427045042286863463,-89.25459587320507637287,43.00552146855218182964
0,301.19852893569435536847,114.13684535779874806849,-236.72447912298142114196
0,-250.75780807726286525394,237.72914019604385771345,-151.53307595426545617556
0,295.86080491824912996890,11.30455153422496650251,-269.76611145698927884951
0,321.37103564185923687546,48.08501796854027787731,189.70033910964556866929
0,390.24817301572664973719,-76.40313362466919500093,-0.28837978199653185873
0,-254.26514777924427335165,299.22574214134522208042,-80.40759037844648560167
0,-390.90700903127066112575,9.31572740436170398937,82.49343845128120733534
0,54.55744660333256490503,190.87561288633554568150,-344.78120135775134258438
0,-182.98126382977591219969,-81.40193172971981994124,-346.81472382569575074740
0,370.53279423128759617612,-158.71459977343843661401,-42.64807408951121203700
0,-141.77481117491518602947,-331.90631525069278495721,-159.91941163627828359495
0,247.53138616879823530326,248.23590533123467594123,157.96296753256916645114
0,20.16270664598831530157,-196.23519442758893660539,-343.72087969517929195717
0,-345.68846055059225363948,-131.85127280826563378469,-118.52017437697602986191
0,83.26155307157890206327,-92.44269910003096413220,387.50797581411859482614
0,155.25157008578761974604,-285.19195950551130636086,-188.65465347420445141324
0,-97.04475843333804618851,-253.67005911496974590591,-301.05791143205055959697
0,-407.81108040663423253136,79.90996086167122314237,0.28031965317528456660
0,-313.42425856915934900826,270.70469376782483550414,44.15989949038657869096
0,257.70524226613213158998,130.09168070981866094371,-265.10834816103198363635
0,-155.30272810215686263291,336.62382125987340941720,-119.10240021000275589813
0,320.95607170336990066062,-169.00880511022890573258,164.97748417794718989171
0,-283.05085302094767030212,129.05731552944820350604,-224.13248229410976364306
0,-310.24710773133830343795,182.89277301318554691534,159.11740348179483817148
0,-233.95866588454973111766,83.64022565746455484259,272.78917072850157410357
0,149.52200092009212539779,-107.60368179000654720312,-329.98163930570154889210
0,-52.86554711136890460921,-293.98855652408821015342,218.31773621388893502626
0,-362.64098537266596622430,-12.52246158035550216425,162.01057102910348817204
0,107.92637068355452356627,318.08399373751996108695,196.03067034417321679030
0,-157.82759980395920251794,5.20551597040390134907,-357.40017884409979842530
0,249.79080156535658829853,307.93051249182781248237,-82.76749640585336464937
0,317.89123472862223707125,-158.25483371318023273489,208.72442929997455962621
0,391.14204157765914260381,12.56365585031545784034,-83.14471344761147975078
0,-261.43127351701690486152,162.57680487659314394477,220.72115938703848314617
0,-79.93734771762301249964,-16.93535916274651142999,370.23808841461442398213
0,-260.26166896250111904010,107.96542346116885369156,-252.10101094561903778413
0,-304.73338573187839983802,149.44046025484837514341,196.14815495717076032633
0,192.62012820388994782661,-329.54116098703065063091,-80.58189135013557802267
0,-417.11037973674893919451,37.58635951892868121149,-43.11974288536859489795
0,-348.16918559456053117174,68.77605792457752897917,-155.19607843223460008630
0,174.82250379909288540148,345.85740455506845592026,81.50607919123426370334
0,274.74921671765605424298,275.26948366641914844877,82.26759603860597280800
0,260.23325851871044278596,88.22544576791217707523,250.40582207060691644074
0,265.48294214070676844131,196.02910332831072537374,192.17968698103351243844
0,150.73015674985930445473,-3.89545530439596987549,-359.28765422926778683177
0,134.93537783083598924350,-318.92531389833987987004,156.76290987581893432434
0,-67.43262742267927478679,390.54477951831495374790,-82.56472128714476355071
0,-136.05021643545191523117,387.14217930324491590000,-42.31997981884092041582
0,-137.61414433810722357521,-151.77259977532537504885,-353.45237641104824888316
0,-300.59849882118720643120,-120.06194429504832044131,-184.43289186342335028712
0,278.91122035070105766863,-176.22432422506972216070,242.34997249023638232757
0,-292.45470628618033970270,89.52696637404771706770,-218.48177778775865931493
0,402.35753506472985918663,50.02592805701860356749,43.33474035004026347906
0,-250.62264168207414627432,147.46601416238135584535,-257.84690272518344045238
0,237.67768913692358978551,69.45868751615685710021,279.73459476200292783687
0,279.93347742838670910714,-31.19760091928615608481,259.56804319094999300432
0,-54.72636427535146452783,55.94036735981512720173,355.70428868149895151873
0,407.18572647900117544850,7.30606602038674335375,43.28477798127409670315
0,325.47302742010384690730,-230.38479559865359647119,-0.54577596580963505524
0,-265.04559835123484390351,-129.54515532777389807961,266.42274889277490501627
0,112.57747831199777976963,331.98321872673238885909,157.69343606041337579882
0,105.94581752815712150095,317.98649331064012812931,-148.44194735985442434867
0,137.43820315546093979719,76.39153605793372037169,-372.23218777163816639586
0,223.70306699773746572646,211.71143478327164189068,227.31846082382196527760
0,382.36031508915652921132,-70.63486882959719537212,83.60007365221669317634
0,356.24098439388814085760,-7.21677536325724044985,-160.27176466480923977542
0,186.90684404385265793280,-319.77043666435224622546,78.76188287501837237414
0,59.50692257834214871082,-351.64983483202985325988,-159.10829338095592788704
0,-147.88229812885919045584,103.26933086994129951108,313.16798462322401519486
0,325.70225492833992575470,153.73915874509407331061,-161.39970346548756197080
0,-106.11358619440122197375,371.07466465036691261048,82.40027461358928917434
0,-55.30840998769089367215,-263.97017948507783557943,-300.66434722532835621678
0,-178.64206031968342358596,248.44111088318007318776,221.38039316472838891059
0,211.47969872466410379275,-109.18926034491205712129,332.35674694516541194389
0,-255.45743281634915433642,301.00693933156429693554,82.60280315202689394027
0,-33.06259567970039370266,-232.56727411678414796370,-328.29284586720882543887
0,-106.29052037653519846572,110.99172975130763063589,-337.34621953446963971146
0,338.06849509217460081345,-75.59984343939457573924,203.68283718420320838050
0,32.39029466261477807620,-360.28842482521855572486,118.22348562644415892464
0,-250.67808169496780124064,328.92570270493058615102,-42.72118864747054800546
0,114.01008759113462076584,-359.52003204776463007875,-122.90091035796254459456
0,135.78755809153841482839,364.51103663460946791020,-80.99859867635616694770
0,107.39954460798415425415,267.64009290618020031616,260.66297360039368413709
0,-255.42408709288758927869,-274.13999626761909667039,-78.38047434576463956546
0,236.48580668727819897867,-132.97351630229690044871,304.83787381933245796972
0,-279.10562478901505301110,-199.56081989835433887492,197.30766971819181776482
0,102.31034714913731420438,-9.65747745110551569780,-367.14196228349220518794
0,-70.40943005367445550746,236.25546613404765139421,-272.73557661336815272080
0,-81.04922388280905920510,369.27513331424273701487,122.97866144554136269562
0,125.78927444504556376614,-376.75017883433201859589,-0.72803146999510026660
0,264.85676496716934025244,-224.83129089517896659345,204.00904318481650534522
0,-8.86719207038945000932,108.08693994393129855780,341.09769597802653606777
0,-145.05138381143041215182,360.12489212645118641376,-80.46159106530349447439
0,-153.59769340620195521296,106.27228015248576298291,-320.63612119767503827461
0,-344.47903439398044156405,-202.60693613829789683223,42.60794972337702546383
0,-155.65571184725033049290,164.10051847199500230090,-306.32364524281837248054
0,164.37691560244587662964,-363.20296259554925200064,-0.80132599479138177934
0,278.11218788862697692821,221.26765804975875084892,-158.03903257777429303133
0,-213.15388206956001226899,-194.74009984358181668540,-259.94482384791206186492
0,-207.01079412146694380681,340.44601286700725495393,42.27716728805745560749
0,-376.24767874999696459781,-111.82969534979672232566,-80.70694958569831101158
0,391.52856267574651383256,-28.84117685155839083677,-84.01595874634514871104
0,-277.34826411854442085314,237.61881449257523968299,-116.87872881345469977532
0,-307.61241395162210210401,236.45485132370308178906,-79.30882066048566514382
0,169.42980885405197000182,-245.12464074072229891499,-221.76289393531726545916
0,376.95592571024087646947,-65.30180658829843309832,125.64650724142252613547
0,-196.98074309611928356389,-330.35731654622338737681,-80.43373813013684525686
0,-268.97156895486028815867,-87.28238829705985324381,-250.98925614066700973126
0,397.56791428745316352433,-34.64237156584081844812,0.40804966949080889727
0,-172.40551363098740011992,-267.44803370061435998650,-231.38548975491008263816
0,-15.94367247179749114139,-318.67424769973644060883,-233.43461502988694178384
0,276.14218446453838851085,148.52328350154044755982,-230.07302668540100398786
0,-345.08104062448103377392,-202.66154124668850045055,-0.32661622040040605430
0,189.54483233667014019375,4.50229649412938481845,339.96686527905836783248
0,-61.50583420730592365544,-188.67844461125361021914,346.21869859418535497753
0,258.31920415945273816760,75.74847688177376880958,-303.12788851197666417647
0,125.00577997845131505983,-256.91058774082046056719,-259.10571885216944565400
0,378.76086060073527050918,-117.05164256459985949732,-0.16235025862372862160
0,-62.61186147311494210044,-353.41541766440673200123,-159.28720133376944545489
0,-314.65092697261417242771,110.21076851111497774127,-189.60480098280601168881
0,362.15628118293602710764,98.69912673585277218535,-122.83983226172314573432
0,-115.50291389249402129735,14.37819544095764356939,359.94384479297292500632
0,154.04961195594262335362,201.31926390050929853714,282.38532081314895094692
0,245.70040465933951168154,-267.29709593787879384763,119.06848145585220777321
0,-90.31168359787639587921,-136.34461482444419289095,-376.52890007199630417745
0,-116.24928109628640982010,-323.94853077845453981354,112.09504113507402678351
0,-131.15532555707704887027,373.04527881769536179490,41.98691161945908589814
0,284.41060040910230100053,-72.98588403522393264211,267.71157614893417076019
0,88.00451282810757902553,-400.64316670096741290763,-43.26385144981885844118
0,32.07234512721578312267,-155.85390481815593943793,-360.65930225235842954135
0,-127.59370057547565124878,-114.93748000864412972533,381.72703788764732735217
0,105.22408213409921984294,-233.69785996222745438899,-287.38700178756130299007
0,-61.15119017189483230368,170.50791866272280117300,313.06772401389582682896
0,-22.46385595708491322853,-194.95900100005539457015,348.93129269510563972290
0,-262.55380412034168102764,-226.43475213075578267308,-153.14757568686715671902
0,342.78341734511110416861,170.30593734438528485953,80.77527486492094510595
0,-163.94737610953558260007,-120.30161153972301235626,-350.24864781036848171425
0,-317.03256093439443930038,-234.76039587444438438979,0.48019209698246401175
0,-122.65472525726404739999,326.90928911198415107719,-153.84674692119438077498
0,75.34728363588043009713,401.62520026589032795528,0.06562953606335832080
0,-165.02796094894296174971,-121.59507660911266668791,354.38709582851203094833
0,19.36892276234384979716,76.43921825383024781786,-371.59276079404054371480
0,-290.04802295299185743715,308.78846855414104766169,-43.51487882380450145092
0,-284.98460295118854901375,185.18175351767288816518,195.05761950066408871862
0,241.67082329989671052317,349.79971588989940300962,-44.80320543684709377885
0,136.79287139459233912930,-208.60649527496192945364,-285.49414686517013706180
0,44.02694947480640763615,-391.45286884251072478946,41.82606148220386188541
0,-41.69184051627549791874,-371.20553675236538992976,78.29358028587570572654
0,-175.59203567243480392790,-308.61433068041264959902,-157.31291742715566783772
0,181.63560488166726258896,-198.29068904887196822528,302.08618138051940604782
0,308.73007778407691148459,-160.48357853873403655598,-155.54820811455823559299
0,-33.80725636011210610832,247.37013707267570339354,-276.47393639170843471220
0,83.65052069016125813050,237.14787983680722049940,278.92283918266542741549
0,16.41435332123147716743,395.07966802435259978665,-82.43584007026366577975
0,64.56464645082915865260,223.36903408545384763784,-319.98904897057542484617
0,45.41985366802658319330,293.80145896951438544420,-216.24543085237652917385
0,-404.41105944707135222416,-91.19046306588832351281,0.26860283256261002771
0,245.26372571795349131207,-266.96609314373586130387,-118.60418115735686228618
0,275.02521665187151711507,10.43733403042973151287,251.02480341422315746058
0,360.75506955401704090036,-49.23060198346572491346,163.80878755005898028685
0,170.00155310729903135325,80.03251707896166067258,336.68897901358172930486
0,305.03409950716923049185,287.92845304762829528045,-44.30559456126405137866
0,-304.74676809469923455254,-111.35145101021143432263,234.62651279153593009141
0,165.36189545352425511737,-241.50484027347854976142,268.71424896141621729839
0,218.55535262893684489427,-238.03436359424637203119,237.52133823884261687454
0,-0.21516965521442435461,374.09875007020548309811,-120.76315926137331757673
0,256.32637553205853464533,-278.74742756097282381234,80.60058052880270906826
0,273.10885801088141988657,-70.06758561309811739193,-257.12023699131663079243
0,339.80164725914352175096,72.77157822035336209865,155.86414623357839559503
0,312.29364212021886260118,-52.78792489921040242962,233.50106610193174105916
0,101.84629654924341934930,207.14875453834642371476,-323.70349729476777156378
0,-198.39385014138559881758,-349.45830260366346919909,-41.62523321031166290140
0,28.61755541414304104819,-264.72011989107170393254,-297.59979542161909193965
0,-225.30556689730732955468,-316.28396904622860574818,-40.33565294173867954441
0,-361.06770023062165364536,-152.12046617530472758517,-80.63425544772502462365
0,-15.17682190135474407100,223.64915933538833314742,-306.60391277844098567584
0,298.31117855859253040762,-137.67076569291603505008,242.62238034595389990500
0,231.62845135134517704500,-188.50343282232500996543,274.57124064979768718331
0,319.85189680328494432615,-226.42365797929639370523,41.67149399980006307942
0,-121.47804182692659935583,-26.46086418999891165527,370.16261064929506119370
0,-351.91597865692295954432,-134.39303113266765876688,122.11206129575242584906
0,-7.04408624169936903314,-375.68250662483194446395,-122.67409281974974533114
0,-51.70787941709215118635,397.67594546042727188251,42.58399081756214599181
0,219.81149465706059231707,-298.31910000104699065560,79.74583987623977066050
0,86.79650730054353857668,-274.13454401613273603289,-262.97259881557891958437
0,-399.57020312768651137958,122.15673492175893954936,-43.01485367121755132302
0,150.91408632596406391713,198.42691156655402551223,-281.04315452067686464943
0,-360.08184762596152950209,199.20207623408839481272,0.58743387010333247833
0,-318.01043032059442339232,-235.52755188515305917463,41.97576995919283859848
0,-385.42215247530015176380,-73.06494001328744047896,82.63544332123888125352
0,-261.37043136666119380607,9.15852847490529775598,286.60226965521786723912
0,-170.65912812504967632776,361.22852131274152043261,0.29231007753577198383
0,98.80664939401249569073,379.45681354511538074803,-81.36968821627516490480
0,-157.28421296604818735432,-358.66533847441490934216,-0.02191315305172086489
0,79.93963466474544077300,363.70597587136097672555,121.50904042914142166865
0,-3.16713802572321467821,-375.92451920196219816717,79.81494534884609493020
0,309.20277825438455465701,146.11750175750921698636,153.14920146226606334494
0,-227.56030788626713956546,-11.90231259807005237406,314.42332679795367766928
0,-266.24211512655790556892,-228.99239707977380930970,157.30373417707269823040
0,-145.26877833581556842546,153.27601750819059134301,287.40699087773163000747
0,368.72130986113842254781,-109.54849334468947574805,82.72316744942227728643
0,-81.06677052489203560981,-358.14532325987704552972,77.44587081490277569173
0,-125.53758038563665877518,-395.98598128159994757880,-43.18620570213511911106
0,83.22371489316061854424,239.57067553959214478709,-284.47543327101686827518
0,264.01868810442840640462,33.07365754423446446708,-301.29150667005455943581
0,63.69634803702147962667,-21.02805853235122057754,382.87011698219743038862
0,90.86770915407524285001,-159.97423252482832367605,-335.07630849598388067534
0,49.14521619939417007572,312.23626378358915189892,230.13828974065361876455
0,-3.31711196846256228810,-397.79577396155769974939,-83.71024784185868838904
0,-191.39163184959070918012,96.81024106813399043858,291.33174421627199990326
0,203.97174939547292638053,-345.86550155627639924205,-42.29149440387657676865
0,233.97132111453728953165,-85.51548981208263455756,-282.15198616204565951193
0,162.77653783549408217368,-117.40875131482496840363,359.98007680597567059522
0,-127.95903807252771855474,-357.09184238621827489624,-122.62603123855825515420
0,-10.30351454214311424096,-156.22751129198300645839,-364.96994274833053850671
0,18.85739718721018931546,72.79797175911899387302,355.78299025320848159026
0,-119.32575299360537712801,-277.61014585691196998596,-270.90059181983008329553
0,-359.91545036825999659413,171.97275535563383641602,84.15479051999842852183
0,-272.17938178227376511131,69.48078361290504290082,-248.75613084390414542213
0,-94.83531131733751351476,336.53418557009530331925,201.50837666253755742218
0,-299.15750973052257677409,-9.70488723294834265687,267.14066742014739475053
0,211.03925607644410433750,328.71890734360732722052,82.53222723791806458848
0,-301.22229782628147631840,177.50737762092339266928,-153.02090212590587725572
0,258.84588167828206906051,-222.50761740744906092004,-152.70991033407003101274
0,335.49484690264154096440,215.70613944491219626798,-84.47928784405969793170
0,338.77756184441972209243,9.41694821544608196007,-199.09240713458299865124
0,120.94171438863713774481,-371.21150904026632133537,-82.57101478812570860555
0,155.89038122678496733897,-350.61294324092790475333,-81.04882779354504407365
0,379.39064785297495063787,17.90549215243025926725,124.67763606381323882033
0,-276.31658097263652962283,70.51849249235701222460,254.30344872112135590214
0,-217.13161794744630128662,321.00768539295660275457,81.90925962614944921825
0,-248.44347781827303833779,326.06924162069861949931,1.04942786165032386769
0,342.92012204763580029976,208.18687636612415303716,42.87126025359505376855
0,283.88851831373858658480,96.34161394075009354765,-272.70451097512773230847
0,8.30001368146684193050,-227.82924462931231346374,315.24682515269847726813
0,107.26619018638528757492,-295.80923055941644861377,231.47867698801627511784
0,-336.76405537711264059908,181.36885334071772035713,123.91333216350659540694
0,-359.69752019491187411404,-52.85572145436140800712,161.69462533241548385377
0,24.87268926152736980839,-29.65500957767086376293,374.34677175009193206279
0,394.34730600299758407346,12.61960434145556497754,84.09089932589424165599
0,-382.91174985824306986615,24.84750281383940873070,-122.73101819408446999660
0,235.69254832666996435364,-141.49941700424906798617,-250.56574626194955612846
0,320.44601536969082644646,244.14505914097640015825,42.80911076717919883095
0,-127.87881010384801072632,-114.47734877211014747900,-379.80787849229176345034
0,-391.73269990740385537720,-131.83956515654617192013,0.27612654179629375628
0,-310.55862185797411711974,-203.36794420170593866715,120.36981627192740518240
0,67.30578177477045187516,-134.77394436681362321906,-355.73821656192473028568
0,350.42778895520297055555,138.30987702761626678694,-123.95433322070111614721
0,-77.87014935532708648225,-288.62797920261789386132,-271.31798534184218851806
0,-352.65103621943984535392,143.67806570799555743179,124.07944158695518410696
0,199.46597688548311566592,365.80961301297912768860,-0.01402434091553382209
0,-121.94544888278332450682,-384.41947591337856238169,-0.90216359600351159198
0,182.02185986901517367187,171.56040640556864218524,-286.86243382562417991721
0,-316.62398186898769836262,-166.42137579750513509680,159.90735151491523424738
0,-315.95069955473945810809,273.15504081449250861624,-43.07560511809982273235
0,-200.38776558771357372279,212.23584123397222356289,-259.31180883154240746080
0,-303.89718072821779060178,-160.42654001346721770460,-151.20805416382245311979
0,-244.04532185795855525612,-166.19435174849593295221,264.27186025751689157914
0,-57.46923251457290859889,58.46698537822504704309,-369.92323747721161453228
0,326.18241426778206459858,109.78793004252345610894,154.00146952938712274772
0,75.88274075625460568517,406.00541645505381893599,-43.18974193163329999834
0,-77.93524843348895103645,-380.32572765882508747382,41.41513149289914963447
0,136.69079638375831109443,-87.63759399890345491713,385.22521453552366210715
0,237.39580427396180084543,-258.34278396779814102047,158.46300525779267331927
0,198.62371233312003937499,187.53447128780265984460,-250.18429705590438061336
0,-72.36143180236436478481,-311.02200059927741904175,184.71456207731648646586
0,267.70285379235775735651,-232.13363603865732898157,160.69109509393098278451
0,73.46413790288758605129,-366.47443798216471577689,-122.31553186696677926193
0,354.60041995192574404427,-151.91365389622680481807,41.04278776527886662961
0,188.49243142621969582251,4.74760237140767760167,-341.50048935456555909695
0,261.98366779241518997878,-157.00861524629925725094,278.11856410116888582706
0,329.84573643421043698254,91.51078662996478385594,-200.86884182587610325754
0,169.15412760610925602123,-300.63748261389241633879,155.70109975681441483175
0,6.83811100687044692847,252.18626596441100673474,278.74527419911811421116
0,341.59259645206446975862,-130.78333252688668153496,165.68286639821630501501
0,-337.73968705444701754459,106.75776981783184282904,-154.35393838473981986681
0,-363.62577293297391634042,201.06876050221845275701,-42.79241768867253625785
0,153.74782889692247067615,332.91958239569379429668,-119.04595558413306832790
0,149.86214246312849240894,-336.21956891372639120164,78.59129847452499006977
0,396.79907761597871740378,92.55159859739477212770,43.30221525510979319051
0,-315.15496447260801460288,-219.97766569226632782375,81.68433251412864137819
0,211.56190151785816055963,-166.61960879590708373144,305.41287557340302782904
0,324.21052194462237139305,208.82144901376341294963,81.69975271132749128355
0,67.12266105136970395506,-309.52478546721516750040,-231.85702672059809970051
0,360.48661230933493015982,-151.42336783414268097658,-83.53364208848149985442
0,362.97244812297543603563,-104.32956687182932853375,124.79683741278962827437
0,-70.88959605779191974761,19.99694029485660351497,-377.92020681887072441896
0,376.48750320312780104359,17.84160423260753702834,-123.51123604868828920189
0,-106.81297328559233505985,53.28002993163176626013,-365.28469579716932003066
0,-156.30487170782541284098,4.94613840109128410916,356.43182266425276338850
0,-375.94308760851350825760,134.15267082285677702203,84.19097654540566111336
0,-109.66164315421337960288,-255.41075440920687356083,250.07250959171418003280
0,-212.90251784223377740091,350.19010012557765776364,-42.13300674976517257164
0,-81.16259780487038710817,368.99442557869980419127,-121.67739798385611038611
0,129.56278756956604070183,152.92059375879662752595,-353.01976182467802800602
0,-87.32404772411631199702,-387.84443802911550847057,-83.38652557642015494821
0,-195.28417285821780069455,-178.17084409674887979236,-294.29753784110488368242
0,117.65246121540430124242,395.25979149092790976283,0.19470351710835279158
0,-377.20236981859426350638,159.95362059949658828373,43.42612737435295144905
0,119.04420873284814774706,222.86743433428875960089,283.51730541788373329837
0,-54.57561317117539090304,285.45382364083934589871,261.07129177216023663277
0,-12.61522338650564023510,-253.00956037509482143832,284.13278114788926131951
0,-223.98874722733586395407,296.40518576584742049818,120.53361148008960412881
0,24.80889946397019940605,224.20280494409212224127,-314.33840257638860293810
0,-283.38830081173955477425,-147.71212837626899272436,231.92441901000162829405
0,-401.77671608622364374241,9.49565554716449788941,-83.02324779938923882128
0,190.88245678502153168665,-38.19544440739100110704,346.96758350948334737041
0,58.78235226235534582884,88.26071908320244574497,-370.06410184294230703017
0,-348.71951760613285387080,34.20280235256278444922,201.03815024719608572923
0,396.18801705734580309581,-77.56887040115410059116,-42.71022218103888690166
0,248.63590731166468117408,-48.71544020871842661791,-286.71237494557612990320
0,-160.54733134019065232678,314.60379202470244308643,157.26541390618129412360
0,-259.61857975775427576082,246.21745360761431697938,158.20584885282582376931
0,196.92888705971566309927,-274.30728261758002872739,198.07717079281883343356
0,373.65292745744926605767,-23.39536345838294550958,-123.40997404091851308294
0,-372.49648388478516380928,-56.28275683520059402554,122.05159030778878559431
0,-228.53480998940955259968,126.07318897167807847381,-284.66596623375011176904
0,55.51657970344850667743,383.54547453938772605397,-80.51755474079841690127
0,194.60255670352296419878,-330.14564110931104323754,40.72948436552260886856
0,87.96616908501660248021,-273.15313561103863548851,262.89791067021820936134
0,-173.99391373136199945293,-157.83092157928700771663,-324.61396388862868889191
0,205.35390305227895169082,195.15152660159091624337,259.76754360773111329763
0,-251.80951186840144373491,-270.22140716249123215675,78.77874988040557013846
0,-331.23264011479955115647,147.82109971231400891156,160.86204713011628086861
0,-371.83406531301301356507,64.71857038411329199334,122.92315832022373456311
0,135.55358566311394952209,362.93678110672033199080,81.82825466619168253146
0,26.18559934223401342024,-308.52639214073400353300,226.93370980683835114178
0,-244.38093198105437409140,-110.67724718409013462406,297.78046807148172092639
0,-28.21184741516448823972,-78.33525273163766655671,-389.03052015364971794043
0,368.45367203806205225192,173.56860516382252512813,-0.01362499575931389734
0,-247.33640528786256140847,48.76540403150251989928,-275.59814141868315573447
0,304.24774742294863472125,-212.20716002524503096538,-121.49219314301535632694
0,-83.68931892721654719480,-402.66501307009815491256,-0.69784353935066623098
0,-381.58198949688448919915,161.82508700127704059923,0.67191712576412521152
0,-15.36471399865816245267,-38.61115288450269389386,372.12843206810021001729
0,-173.99267217307954069838,367.26344014585083641578,-42.06170068599904965367
0,-234.69767956238808892522,-254.78640788076191370237,154.23437907600555263343
0,-325.13559153184525030156,113.91459015496704409998,197.65924269193357076801
0,-204.94926923091887260853,-242.68015399524620079319,-229.76461642477650570981
0,290.62224584335621102582,53.95632006423886650737,-271.96785192329537039768
0,-182.46900007087208450685,-82.05763564679475052799,347.19194986066969477179
0,50.00482600124950494092,-57.11912696705967817934,-371.94631361042286243901
0,330.00965912397452939331,-233.58195017229834888894,-42.72703185531172209721
0,340.58434913987571235339,51.02558417238275012551,-200.70279325973930895088
0,268.31556990486512859206,-177.48904559119262103195,-187.59035592348118370865
0,-109.38971708999842746834,284.03540231420186046307,-220.13722839608877279716
0,302.30747586807677862453,-265.82353874619548150804,-42.75456525682012198786
0,-220.37097441641026307479,-292.43452184565410334471,77.82433699679531002857
0,-117.90492946495483295166,-371.37911534908607791294,41.34188927759510079341
0,318.42876708338542357524,31.19509876258275582472,-235.36160307989658235783
0,337.72270546220414644267,-185.77080816114519734583,-82.29846273383407151414
0,-26.71312591490674392958,187.60305553079379592418,-326.35274624311165325707
0,-277.47075554559216925554,180.15652827241879663234,-188.26646542278498941414
0,-43.43497050460699426822,93.97625495415681484701,-355.74744769253197773651
0,-116.50044715525676508605,-319.19455849500354815973,-196.93972374444371098434
0,85.42213797295397625930,160.05608499511134823479,319.59297148253841669430
0,-90.29044537143950321934,-237.24625203200281475802,283.36305088874320290415
0,-32.13209495918749780685,300.05923057188681468688,-218.19653994581159395239
0,126.15971339145471574739,284.08910474975050419744,226.90154900684640892905
0,67.66927277599364742855,278.86748773357970776487,261.63409642775485508537
0,-186.32208385831535224497,-312.42523969913270320831,76.82345914935926600720
0,-229.79426808908829116262,-209.02757548395902631455,-225.48550293256730014946
0,155.18405500878341740645,-6.06810598430924308389,369.05564758198744357287
0,380.08612013945884200439,95.80917233011268763221,-83.20824426015684593949
0,288.90733985845764664191,67.68529784317718167586,218.46191816780324757019
0,60.31024964234343599401,207.84121591158950081990,298.78767713792530003047
0,-252.44680860130671362640,9.63731569587758052364,-277.09963040414697843516
0,-208.72927694334200054982,343.27414349733686549371,0.22314928824311808242
0,-169.49684680975764194955,357.33168749165906774579,42.21149716787648031868
0,40.00548860130912487421,141.67282208454884084858,331.75133739306295410643
0,378.92548959980592826469,-23.58546390452950447525,125.41902279079165793974
0,-9.68856403089202089518,399.07667110193614234959,42.61914977462804188235
0,-218.36384754292774346141,-254.01021228455152822789,192.94706990157945369901
0,347.42290610474179857192,210.67080244135988209564,-0.02760485945697475907
0,-367.52228981187511180906,105.42187105802535995736,123.84563719634665801550
0,73.35222017897096691286,18.22572628626728885592,370.26315078917878054199
0,260.70591639833310182439,-8.23661775969037357470,-293.93389374620261378368
0,140.75148266779848427177,-272.23128673416925948914,-224.93844698018813232920
0,82.90938517864960033421,281.97069423401887888758,-214.27898179700835612493
0,59.01997993992717539413,-183.65340214884213310143,-338.60661100702719750188
0,351.27335713426634811185,74.87859082684826717013,-161.64623457060397981877
0,1.77392443972769164873,-408.23779728163600566404,-0.87862886532648121207
0,342.36986374683158373955,-192.78447641322543404385,-0.84268049876269646159
0,-225.56183424903125001038,-50.04867110748621428229,-312.52657158435840756283
0,114.97747095588557897372,-353.07496860394229543090,78.97196251908010822262
0,331.33717717475838071550,-127.29470072637138855498,-158.67854638636089248394
0,-162.87358711117113330147,-202.90669984676381432109,288.89888686059629208103
0,-77.42401764905973493569,-96.50530963146283625065,384.96204889990775654951
0,33.78084005353414198680,-376.18699063164388007863,-122.72747704607647278863
0,-91.42586067631894763963,268.07938053649411358492,256.67033475992656121889
0,249.31832807032424170757,-208.25793688756914434634,239.77593611307068499627
0,-52.10644937312699198628,-248.22962147616871675382,284.34717143715937481829
0,-208.16351694004166006380,-284.48930654485525337805,-155.82717737832379611973
0,6.33196154149938461586,-296.20507189611123521900,-269.97428603294099502818
0,264.67909837941238038184,308.38695181536587597293,43.17925264754807557210
0,40.34833401888845827443,-396.26808975673856139110,-83.75031897954792725614
0,-265.70984295120797469281,-30.78238379683769565531,295.51299830111594246773
0,148.26991580986512531126,-337.24929199063279838811,-120.87979390146175262544
0,342.63150280976452677351,-87.44444764998125663169,-158.55061985236525856635
0,363.97689553705782827819,135.82889339797034722324,82.66376151948099959554
0,179.47151527742056487114,354.86434591605188870744,-82.49136951024442510061
0,43.69821311115111228673,-111.84920144464585689548,384.08460847711393171267
0,407.86412000364958885257,7.32237594574872563413,0.27524854636808510078
0,-283.78409174246178281464,-258.81069252773875177809,40.95696509436493926160
0,-5.86700781816695204895,348.25402329282553637313,-153.16805176516621145311
0,108.45417841780390233453,-342.00872792365913710455,117.41062938811511173753
0,-411.06996410125691454596,-92.69387000388019259844,-43.24567316262383087633
0,105.05410304432754742265,-291.24371547638378388001,-227.05567968823336855166
0,5.50237987211822954237,251.19151193772438546148,-279.11512162385247393104
0,-19.92568358677646500610,-338.29762627292024035341,152.77284347635861649906
0,-26.76339393063232208192,393.82787845649846758533,-82.32607608718753056110
0,130.89589073910531169531,70.64936410926991072756,352.20267577135678038758
0,-126.77505936871125413745,-376.61222709257771157354,-82.94061561336124555055
0,86.11072662296020041595,-328.32545553959010931067,197.15205318876505202752
0,32.16107604698407840260,341.84001427902046543750,-151.42171362039997006832
0,257.67004294110290629760,-280.28625412938976069199,-80.13486995641586929651
0,-250.12228222473322603037,49.31465685511502528016,280.35430299453082625405
0,184.91441857507325607912,-79.11169068946561822031,356.26032509144977211690
0,-390.95905656553810558762,51.80871749945237070278,83.16768902243721584000
0,-88.21025448147013037214,-366.73651994348875859941,-122.84178769281837162453
0,67.58707255984063522192,-252.42531842091887028801,-293.05168183017201499752
0,-341.77460281499543270911,238.24897493513796575826,-42.68221697504822031988
0,-237.17790980753088092570,-257.21887940264173266769,-154.78240562706864125175
0,296.67617604005715747917,-195.97160108156418800718,207.31361211835746871657
0,297.91291605798829777996,-262.86720402262272955340,-0.42447598124985552737
0,-69.38174856135891843678,-88.33930714302752562617,-384.87939549320793730658
0,-314.54716420207824967292,271.72552377819340563292,0.82099072436563957922
0,14.71734837807990103897,191.52989448124122873196,-339.11953349423413328623
0,97.34768086616460891491,-50.76713187081048062055,-358.93603742054875738177
0,-128.54915425008945817353,251.10605818198484939785,252.72268337137126081871
0,195.32334879700707119810,358.27598047852279705694,43.34535174265312917896
0,340.51188663789434940554,-32.70058880514502419601,199.67427290504812731342
0,70.45769902341451995653,334.89800703906081480454,198.07740401522613638008
0,150.82120683115084602832,319.65479069520512211966,158.25818753209708233953
0,7.97270949897612357660,320.91258335258027045711,232.77090455121194167987
0,-10.15696616549032604837,411.36704930897502663356,-42.87456585388019192351
0,-74.84313572749164222842,311.50131882605057853652,231.61706165141862356904
0,-352.72547103271676860459,-10.39597839767411535661,-153.98261290157532243938
0,281.34015706003680179492,238.13509269889598840564,120.78863832557303226167
0,44.12218049939892239308,249.10290879601234337315,280.80098250731555253878
0,401.09902519901737605323,-35.11395875925324361333,-42.82178163077263377545
0,214.02875940640012686345,-233.41227272998619923783,-184.42522065201956138480
0,213.62183734290522352239,270.47405716808555098396,-152.16582150563885988959
0,375.41302774732406533076,-111.49987130668804979905,-83.96047952226201971371
0,-323.35383020345642535176,-29.61580623886961305402,234.30940162196776554993
0,64.81557326681652853040,310.78976959272756630526,-182.86319092731559976528
0,-162.54797041323234907395,-374.34073208047470870952,-42.59766256315968746549
0,31.99828091441193578248,400.28570918297776870531,42.63351726487730530835
0,-189.64738410415637304141,-229.53589612008528320075,-265.98318760695639184632
0,-14.01435794845570548262,-268.23860513390997084571,-299.40799470261703163487
0,-63.33966177008779396829,175.69153959518757801561,-321.22655883286887501527
0,144.67958655594966899116,-278.98338102954937767208,230.47006918905276506848
0,82.03901737528954640766,136.95454976570954386261,-373.90521213661526189753
0,-254.13960617503451544508,-124.91134946729533794496,-254.23565697032029220281
0,-77.01456374919692393632,-330.67323643010001887887,-195.60471906079050086191
0,-385.01238320797415326524,-130.03827981821066828161,43.31942693325398607840
0,349.00508534248535852385,-143.55579390440905740434,-123.65297219218182078748
0,-323.37777519017072336283,-129.54614375764390388213,200.10039701760300090427
0,152.92398836320325017368,36.48101700234559530145,360.19959943261198986875
0,273.27278864313063877489,-125.69009357179872665711,-221.39371636402782428377
0,35.34908573671536657912,357.97715430839355121861,161.25882330649346840801
0,-343.41147545099460103302,239.42282215593061778236,44.39734661868908460747
0,99.21416623454443595165,-341.47827903655189629717,-158.46425617204459967979
0,-149.23270393174823311710,45.48625122171068113630,343.27714393619322663653
0,100.86122666028873595678,252.93736208153040934121,-245.35971532344515821933
0,-44.34793257992593140671,-395.16333137345310433375,-83.05519443163848336553
0,-85.26062333887163902091,342.20814827710290728646,-154.66970680037599095158
0,-213.07315054105157514641,-193.46746366353713142416,260.50958775465380767855
0,-344.86466935741395900550,-50.57815082906766690485,-151.73628707585211827791
0,154.73145177011969053638,334.55375738681982511480,120.44876098210265524813
0,32.72169075074869937225,408.98006619854373866474,0.22503876948009499115
0,28.17037235768574987560,-257.12523566963722032597,289.55456108267895842800
0,217.40101669451067323280,-68.14330358102458262692,323.34307239828672209114
0,10.57887236487920468164,-67.32456656195047628444,-377.81357605025050361292
0,59.08004534148368946944,-343.03938320764024183518,157.18120436066757861227
0,410.39532324717055189467,51.14873978010268018579,0.33984110642395637392
0,116.89928523244793723279,-15.45024492506533420055,379.17771422222125465851
0,291.02749948253205047877,-256.18963457137999739643,41.44041476035200588512
0,181.75025162282966562088,-257.86379523663254076382,234.00275703753760581094
0,298.27771435564170587895,-202.57616148346968998339,163.30478452750594442477
0,-14.52971750639837544838,-306.75232068345047764524,223.94031417980829701264
0,145.72278176124638093825,302.31008283545548920301,194.65693583566519464512
0,-349.73965914780177399734,-7.77186531824370696597,202.24684589139701529348
0,312.35313333805584079528,73.69316542096102296000,-236.76073920359718272266
0,245.20427099574320095599,302.27713610480191164243,82.11071054934302537731
0,-105.15603667145128952143,-66.74538505085749307000,381.82043547709565700643
0,-95.40691175583660310622,402.12614328898604298956,-42.94850348106122339686
0,-289.85913436488965544413,278.40652230509880382670,84.63371742766270244829
0,-361.49047403570671121997,29.18281481188276416106,160.88671084628117569082
0,359.78587859852154906548,-103.74208038792248487425,-123.42166115107026769238
0,-417.85397710645577262767,-49.34952546713199694750,-43.39106306927378398086
0,82.89788745544130676990,-377.88897299805961438324,41.31455388058315492117
0,228.13742008995049559417,13.41998270666368142656,-324.35875939013897095720
0,16.28325897444535996783,393.36726181084969766744,83.58390232271844411116
0,385.90416464401567964160,-75.55432886643851020381,41.81216429701635917127
0,-374.26854760249693754304,-111.84080791967481616211,82.48858472333765234907
0,-201.89562243967503718522,-127.88602342884239249088,326.06080766157907646630
0,-165.34265213299170227401,-290.67641835665091321061,149.11064271391154534285
0,-56.63103404415555530704,-315.17669755384849850088,-233.74261707078204608479
0,-92.65412219000565130500,393.03433155107251195659,-0.29778242117074088524
0,2.78128398682343735970,-394.87787234999711927230,42.16582379194220209229
0,325.43640531540535221211,-71.55808859104864438905,-195.88664690413051516771
0,116.16442345316859530158,390.27531449988981648858,43.25865919635324985393
0,87.59269616128023017154,-214.42905574387623346411,321.69732621774170411300
0,-106.70034231819420256215,-66.16722234203382413398,-386.71349052614220909163
0,336.37339723008750524968,-188.67380960081243301829,41.24791278133838545727
0,-251.88496118915304577968,-29.44138752542455250705,-279.57345154296154987605
0,137.45090530642895032543,-150.73790000715445103197,359.60446204675480430524
0,26.15391992727023051657,277.51328076694585433870,-250.13560209623648233901
0,-164.47755710222176617208,231.37309464523875135455,-255.02770841237892796016
0,-375.43141225738617094976,-171.98371538571936412154,-42.41701654147824029906
0,263.64442001844309970693,143.09438126240027600033,222.28838507993447137778
0,-34.41442929504722059164,249.87971104532533672682,277.99531017071564065191
0,396.68074149889480395359,-34.17471106519130330526,42.56385500042205194404
0,214.59345326188719127458,201.99432932034329724047,-218.56304169899570410962
0,-312.66210418471069942825,214.45254562814957921546,123.56782478356038268430
0,73.72949093542129617163,18.61925497737340151616,-374.32428337483150926346
0,-104.76713663949357169258,109.74557560066763528539,335.04353101488379707007
0,384.13902987586442350221,54.87358039922380470443,-82.69418401437843613166
0,-389.62857684635969235387,93.01739007694426675243,-82.52048130700381989300
0,44.53326553324216519059,158.32551244204768181589,-369.65235438572346993169
0,-300.04607504684855712185,-27.24093946732705973091,-215.78602135229067471300
0,-347.64089870941478466193,110.08904356736509555503,161.40254594292844103620
0,-399.06380871574816637803,53.01191437437097420116,-83.20086897715535201314
0,157.98463921208835358811,-48.92019867267958943557,379.25620944629235964385
0,332.29954525094973405430,7.73959124443655621661,195.52527766502936401594
0,245.89491897237536477405,30.71502040424251589457,280.89199294436184572987
0,223.77797872417536950707,106.11508775379955693552,281.62204755862734373295
0,290.81578392009191702527,246.24929351485096162833,-124.30374714310534045580
0,-90.83510881920099677700,-282.60604067086944723997,216.91654723079290079113
0,-244.70551156813979787330,320.38481269780606908171,42.99221301158336672188
0,-9.27642305992760718425,113.44972985958027322795,-358.64792740758412037394
0,-13.31049050508757858324,287.26047613592720608722,261.33912589006854432228
0,-144.54583969900167517153,206.82733655026197538973,-279.25487758050610409555
0,183.00539968823139247434,-316.11301694077474166988,-119.28431442729161915395
0,-300.68497089157551727112,50.92521322875914790984,-218.41475066351915756968
0,-137.00465692135040285393,-291.05807911326860448753,-233.57227297145263378297
0,-52.33844541071478317917,402.60572812221596450399,0.09764457038277937762
0,160.56809684209389388343,385.15901023681891501838,-43.79460174921565851491
0,-39.84331736675851942664,-407.02806094936789804706,-0.83046843713180895641
0,224.23506879139949887758,-27.61695968443618909305,315.83757452589600234205
0,-292.14976325799432288477,-51.51277949131551281425,267.50525525528752268656
0,-166.67882212296160560072,294.32039633633507946797,194.58524748204158072440
0,179.95572949981368537919,280.42743278285519181736,194.88946283184009189426
0,-186.95953151819293225344,36.91255877787047268157,325.97596874081676787682
0,-312.06073058369059936012,52.34229553274802526630,227.45344479806627191465
0,-232.35232413132524698085,-51.87006945801584834044,323.99439580258183468686
0,232.76074549890694243004,-253.33344578597780127893,200.43177189599563803313
0,119.39835279850902338694,220.72793065115158128719,-284.30666275796733089010
0,265.26893000014689505406,196.17928409230742659020,-191.67923667913294138998
0,-124.38723922745361960551,335.34119143596620915559,160.56670714612400274746
0,-360.67229022589270925891,-151.86169768767314280922,82.46155646293661334312
0,154.56908488221122865980,371.22209938228780856662,42.93567126625468688417
0,-145.62089986751308856583,-286.81622166479417046503,185.62247946693270250762
0,-131.00231347662489156392,-305.53031025354567873364,148.94777626125573988247
0,-285.95574732121355054915,304.41313395786647788555,0.67895028529387413396
0,-22.19926660018544595232,-197.07389606461774178570,-349.37764301482587825376
0,107.71744156660103897138,-238.16578094109192420547,293.10920222747466823421
0,-153.20449140252381425853,46.71273861995384635293,-350.36874324180195117151
0,120.04737974588772431161,141.74237949390345647771,326.23305770042071571879
0,143.62897592720889861084,305.59372151614206813974,-148.73178234992661828073
0,284.68968582669299394183,-29.43526915691278844633,-263.64534407893881962082
0,-158.57379213616476931747,311.04027765260838123140,-153.08205361583642911683
0,113.87544215937114699955,27.51923505460088392738,367.55235107320652332419
0,-102.32419222796856672630,50.80245433610915739564,350.24050190364130230591
0,-135.59883383219624874982,-149.96340609302419011328,351.10974195097645633723
0,-222.94797573097662279906,-147.01661023232361458213,295.24132242167456752213
0,-177.32014639623074003794,245.48451286935102189091,-219.71447163168156180291
0,-195.29507610016702301436,-43.09508622780963804644,-341.72908787113226480869
0,378.71779902110250759506,131.55969026697786716795,42.83643454288868923641
0,293.04857310968986894295,276.67073956429049985672,43.06490679990695724655
0,-100.43015052830891420399,-174.33743837860365033521,-351.65827269027869306228
0,-88.67930403045885157098,201.53615009941231051016,-299.42493705830042927118
0,369.49436311985670045033,58.42260501802396532867,-123.24312967096271620449
0,-74.48153858108551617079,-229.06534644649022425256,-330.56828725819815417708
0,-58.22198211217869356915,-327.43758880373542297093,148.70377829855982554363
0,313.45979469827921093383,251.19058554113843229061,-84.67688742664181233977
0,-236.84721360814160107111,85.62881409542376331956,-276.73631643389779810605
0,370.37938998229981280019,138.10374687784138814095,-83.96364844515747449805
0,149.89483160989058774248,-164.51176726998144772551,-310.42559276554914049484
0,46.45408403972256650150,-411.95280577404122368534,-43.40475048510667477331
0,-40.23001323921413785456,-119.55391230917855693860,384.02302783242294026422
0,-170.20016144021383297513,71.02563579313901698242,317.39332887072464473022
0,183.08511244497367442818,175.55537312251357207060,287.19689678480108341319
0,85.18252130887971418360,-392.55532869134782458787,-1.14273345426283978732
0,-219.66419485777538511684,-255.11003828295952189364,-192.79132282804462761305
0,-173.48844823952956062385,-157.08228319474434897529,324.83203809629759462041
0,179.21041794693439896946,226.95543393816305410837,262.10920662220553367661
0,232.96822855804614960107,164.54827569026227251925,259.25904334244336268966
0,-221.01591523990202858840,-308.50111758212221957365,0.33294533439782131312
0,-90.59376458276355492671,-138.69694433966571978090,382.85099528813805136451
0,-70.96820890239037282754,293.87692040090792033880,-217.79628535137291578394
0,292.15972687081017511446,-90.07475503988378306985,-224.81762285236976595115
0,402.80211164839141702032,50.06421946403077072318,-43.14061874970209942148
0,-278.35757510288323146597,-8.83642292304622323229,-246.75521762781423262822
0,-295.81760880664751311997,-66.55343895549279409352,-218.28670650809269204728
0,229.58634517297466004493,-308.81011279449126050167,41.12282118324635149520
0,-40.71415454776192177633,372.31669615082262225769,-121.48557430940080337223
0,-54.02931764606596232170,-47.79817858567135147041,381.48483621472212234949
0,162.79012408978326220677,265.07444611457862038151,228.86892976807752120294
0,312.08731567688988661757,-110.37901174650305335945,-193.13875167665540288908
0,323.36931579962248406446,-176.32441210126896180554,121.61486435067496358897
0,-196.16195450055110427456,-43.58127751335226918172,343.30267977827520553546
0,98.07503970824613759305,376.84975522154746840897,82.16529826724509177893
0,-21.82606324109095297104,-356.13756058274304905353,-158.73208827431278677977
0,-192.71703951130095333610,-3.91387668345734640596,336.11157095436715280812
0,177.97623130230775245764,-307.32870054066728471298,116.37672347403122330434
0,74.53214413451823361356,-145.58492041993090992946,385.56589064700176550105
0,-187.22277109252013360674,-279.96473503194152954165,-194.56013870293770651188
0,-176.52141637374705851471,73.93733023162458550814,-326.05733802811488430962
0,-168.41164462319022732117,-209.19467578593554435429,-296.40757162724685258581
0,12.94652790941293929450,178.41772588303891211581,314.23288232093625538255
0,186.63334023811304973606,-203.98851207531359364111,-251.53019321389740525774
0,-53.21989590343230958069,343.47566664417763604433,201.94417641730910872866
0,203.06391463977001876628,-221.35301993870731962488,273.17222108728833518398
0,-281.81106130600301185041,127.19726336617308959376,222.38126516329273840711
0,-270.03380899784860957880,-141.35901775989032103098,-221.07642695266139298838
0,142.98844955121097655137,246.66340323990687011246,260.70267985718038517007
0,-165.32485971375896838254,-36.20913874477397342844,-371.49839350651365066369
0,-224.93556238652899992303,179.37969220438634465609,-257.86790500174276985490
0,-387.86184007168230891693,-30.78628735572534225184,82.04247039329973745225
0,389.39159457715749113049,55.55001539931910059522,84.10300992709446177287
0,229.03798928872322449024,331.95739760542238627750,43.07420959159772166913
0,-376.31502846619758884117,65.26770431253255821957,-122.89135746179498198671
0,4.56200990625244795496,-331.72658984121648018117,192.29568290629694615745
0,-344.96813888689416671696,-202.73052144047835554375,-41.33973246301857784601
0,335.06249631976629643759,-118.45521748655413318829,207.34784273103667828764
0,373.12722178998001254513,175.75987479722448370012,-43.47969138219545470747
0,53.91026793992233479003,-60.87152596908499191386,395.73604127666976637556
0,357.34312336596798331811,-48.79537621924991697142,-161.78459993154174867414
0,-125.72488456505226395166,-27.12064066266123063542,-383.59153849998989471715
0,-66.82134564826844780328,386.48456722249665062918,83.30688841356655416348
0,406.36333536611681438444,7.30901008759122383651,-42.97361932119091676441
0,-160.11037252433885669234,282.07544698604448285550,-185.16784712586130012824
0,199.56378816017365807056,241.68095336980422871420,-181.65298420124753420168
0,284.03491744852942701982,284.31931598889508450156,-84.71539401089479781604
0,385.39594859876984855873,134.29140269558703835173,-43.30605081379039233980
0,332.01066317679419626074,252.90109160597862114628,-43.88366919499225105028
0,-392.24924638809170573950,120.40315423592961963095,0.53613273776361813905
0,3.23659810452393470470,154.17862496191790455669,-356.50672235417079036779
0,45.37320110007236451111,250.37626114497470553033,-285.05785178375703026177
0,-201.87788973635824163466,-274.89017282210301118539,153.00241521349511231165
0,348.95865742051535107748,-146.55677151160364246607,81.53740835439516843053
0,234.47522991633499600539,-316.52682734371990136424,-0.06179012403513919893
0,-283.42834492840046323181,301.72020533020179300365,43.90338169336567375467
0,270.08111798554375582171,314.63513365348325123705,-0.24339675219247677851
0,227.36147624686205404032,-190.63775980820605582267,-219.43416373741601432812
0,-217.34160434212827794909,-90.03366475499373677849,325.41473112168648640363
0,-256.63778484704897664415,272.22057478806635799629,122.02980276463314623925
0,-147.49843170239097389640,-189.26472402992973798064,-327.45780768645568059583
0,223.72385995409331371775,293.92439393171054007325,120.87216529076908955176
0,247.56426206823013558278,-90.94696438823888229308,299.55348685514826456711
0,134.58955294386262835360,-322.18822348876960859343,-155.73770998140949473054
0,-146.60149443652119316539,-75.34360992575817306260,-375.65313634811536758207
0,-341.14522151180511855273,237.81633996348531923104,0.91721114226190791907
0,184.29735105343351619922,297.51048081267697398289,157.46023086942943791655
0,-284.77196452313535246503,-260.02910086732941863374,-39.91759722585543102014
0,219.79758025680604305307,277.28042228212757436268,158.69418482260456926269
0,336.28511653704828177069,176.98860667296952442484,-124.16820910627693308470
0,-52.74314304699436917190,-158.21193250681773179167,-373.24892274663511670951
0,-94.36371800588172220614,-317.65155870679376448606,148.46380635943430092993
0,-395.20760598195562351975,-30.97194241946100490281,-81.55600165454282546307
0,-331.59661083043613416521,-88.16743673015905358170,-150.66347937141688362317
0,128.13594632194417499704,-262.49707602517025861744,265.17771062592339603725
0,150.20019306267178649250,245.43584393465184234628,-211.34528976844623571196
0,-287.87201334483523851304,30.44776804985901819123,260.85667131347508984618
0,-152.67554947453675140423,-350.47947614756492384913,40.77653770954677980853
0,133.79992430581174289728,278.86944135744369077656,-178.73268659002087588306
0,214.46381247592978525063,258.90548757773564148010,195.40186589712925524509
0,-304.15567236348761070985,11.81343090279355045880,-217.61549064378371554085
0,8.27128731418737217496,-236.75223984935894350201,-327.03350379105654610612
0,-143.24434944642513301005,355.25934333391847985695,81.13290806059842452669
0,-190.83955984668759242595,287.62856254873838679487,-151.63297013107626298734
0,-311.18396755611473736280,-217.23857213483162809098,-78.76910191459514010148
0,-189.14858725895155089347,-1.66739281974694897315,-330.99883676445404034894
0,-370.54012610665267857257,-169.76481282807483808028,43.20579855024428184151
0,-163.42243234742488766642,-253.24442124789374020111,220.53818965782593863878
0,298.88670558952492228855,29.31031073856692259483,220.93805595205390090996
0,-249.75057811785717376551,-227.71176697941777433698,195.97842543164787798560
0,346.53454968586447648704,-142.53625781520821647064,123.05524413984885256923
0,-152.34765530977381331468,-327.89762223141951835714,76.34172418630488721192
0,-44.55670260465490883917,-346.84342266581273861448,114.09363956583156607394
0,-195.21914097978614677231,295.23727851316675696580,157.53531152225093592278
0,-267.09957672395171357493,-190.53252650942545187718,-187.36247881213344612661
0,158.90581962243712155214,123.69685853044335033246,-355.12525493729640402307
0,-89.39002464801781400183,315.51430697731183272481,-187.74696940612372486612
0,-286.46343202761687507518,-247.51522143073509596434,-78.83630754785428962350
0,376.16586795334541193370,94.67482324150242334326,82.04053845228068553297
0,-260.12899718807915405705,-72.84648780920717570098,297.30061772502222083858
0,96.50562036107149310737,67.11629286987520970342,-375.44107209221283483203
0,-421.99294024276861136968,-5.94929487137093193638,-43.24246498379720549110
0,200.63238426366365274589,-340.24519088162514890428,-0.52457324086942658248
0,214.00692320164787929571,92.69651911133256305675,-330.14889128577561905331
0,155.32076767834698216575,37.33151750676127278439,-366.44026564967572312526
0,-27.80577993727310825989,-79.16295446846481809189,393.36722199610676398152
0,119.29999913968413238763,115.35386480571000333839,-377.35693738818167730642
0,358.48427036800944733841,34.45387846918613661273,-162.14947023677225956817
0,-294.08840222535116026847,-200.92524567654575662345,158.27180283158335782900
0,239.20424699902929432938,-322.03548461553492643361,-42.53374885557071394260
0,49.03022039744458737687,-293.05332434679354491891,-268.52122579466259821857
0,161.25029378583766970223,-295.54570411469984492214,195.90838880565098634179
0,214.85627010993277963280,334.88798615332189001492,-83.29926682610955879227
0,63.93161145393349187316,88.68000752582985057870,348.72328720404055957260
0,231.27419293921650478296,54.73595564252757839085,-331.74223617652290840851
0,-373.49316244586032098596,-15.42675466654427651747,-120.19390732558420609166
0,96.72849328774087496186,-333.33607334410015710091,156.37270517694173577183
0,-281.19009007235331409902,270.52050884020468402014,-79.77186902451809658032
0,226.95221121142409970162,298.38920341119933254959,-122.03031232210132372984
0,245.18941987285080585934,243.96478296988794909339,-152.97836547358306802380
0,56.24494338196469556124,385.25826171319789636982,82.42735153260740332826
0,114.76296771581276345842,28.03010066591047433349,-370.54644355032667135674
0,313.27297508297624517581,211.32121572916602758596,-124.09833713650799325023
0,-111.36010554902945557387,293.19083653589899540748,226.40962424373475414541
0,-355.52529624100321825608,28.56888821443308756898,-155.19710650128615725407
0,-11.92086226075252142209,353.41068352887157288933,204.23193835458425837714
0,-14.26896977403888300273,214.69733334534282676032,295.50943492941223667003
0,309.48611009104394042879,-11.17315007403085935778,226.74121335540243649120
0,-162.40125086659114117538,-335.05199880184267158256,-120.87435957277506304308
0,272.57208265457660445463,-296.29095924474944467875,-42.47811525625043316268
0,350.72068693399455696635,33.03592559718531163071,157.37723717266428025141
0,250.50619401373924688414,-8.62967519851186182223,284.48500886688310629324
0,-133.51102322286436674403,-233.75926772847338952488,-299.43320140759334435643
0,45.40810882367332368403,-403.05934917902641245746,-0.72979877289035799404
0,-306.34146896080613942104,-200.38361503211800140889,-117.47677265852023253956
0,120.38877815972116991361,-305.95454671532536394807,-192.19194629141091468227
0,180.57238687064855753306,288.98344786326271105281,-150.60506477406940462060
0,19.17306285533334175852,-357.50802230220671162897,-159.06381407219416246335
0,2.93237573433693032854,-418.23199178761484517963,-43.98593134152736183751
0,-187.91537782142205514901,37.37184094128804190404,-326.74839915940043511000
0,119.80914775929865356829,402.44263662102133594090,-43.77023625299113973597
0,-84.90511439146696659463,-17.75780164268625327395,-390.37454995963724968533
0,295.54424615719835855998,183.76813090383052440302,156.64370898641243456950
0,357.32726292303618720325,97.29302765182329437721,121.54660655805120939021
0,-187.38723298935656202957,-329.78859587885369819560,40.23109085343200064244
0,147.35121300062775162587,114.04545644084883804226,327.39849409530631874077
0,374.35640520473270953516,-64.81520484519936076140,-124.53746574822551451689
0,-224.39109641755317170464,238.09317877505282012862,-186.41719086587988840620
0,287.63632625368200024241,-250.27436213045669433086,-80.66560630774094420303
0,-354.42996891007788917705,168.95250922282411920605,-80.53718893094244890563
0,-383.00186456994208583637,91.59993674174840805335,83.05115680909402442467
0,-330.54003450347465786763,32.50025775025665808471,-188.89230595877538121385
0,-36.37101598796307655448,-335.43557171643988112919,-196.14098765094129817044
0,-98.25160234553558780135,-304.14010902392737989430,-233.42109274607960855974
0,325.74516379216851191813,248.16026875621491853963,-0.27899630127120428336
0,91.69273008605166808138,61.94648051785958386972,359.72160807622748279755
0,161.14013600908302237258,-176.23060258580153458752,332.70818704531524190315
0,-219.75609469842959242669,-144.40812281648462089834,-289.46868340161790911225
0,-340.31407564267004772773,210.58414775241286065466,84.14005793882019190733
0,-264.00194977792483541634,163.77709586194967528172,-223.05772655404783222366
0,67.72043248147693361716,-249.13955177751424230337,291.28319377344598706259
0,-181.53683691075229944545,339.06851345975252343123,81.19634133388848340473
0,-220.91089811018716204671,292.09129578722274800384,-117.40485868617894027466
0,329.89841255241731232672,-182.25209844745347709249,81.47142721365469242301
0,-3.88414684669463561306,0.82611762839590774377,-390.17412881593656948098
0,-226.90739001610637615158,-302.08704515230527931635,-79.98402773373017282665
0,-83.70961116962898529437,-408.76716108947061911749,-43.71830812046093939216
0,-334.02417802037194860532,206.93959156785868458428,-80.59968754817083436137
0,-392.87156155290591641460,-132.46968957504569175399,-42.79616662178638364367
0,-340.11225151774874575494,-186.42555318139170594804,81.82350652056905460086
0,371.63702847986525057422,-114.00938527035047798108,41.58384950218378861564
0,-191.12480335453039970162,-336.43674830485372240219,-0.49865756324792553933
0,360.36368980592078514746,-154.36939024293678812683,-0.69922916712963723018
0,21.50832388952497353785,-196.59401138218896676335,348.91922672201792465785
0,338.12202691548947086631,114.52149277211377409458,-160.49463749056872075016
0,-96.87265565519926724392,157.09958384289913624343,-324.92134846233693679096
0,-238.56103928712127526524,-161.99168099267311049516,-256.59949742324556609674
0,322.94989083906710902738,169.91858374445686763465,119.69038247780913764018
0,-33.28359613507305425628,319.78691380265780708214,232.92822744940451684670
0,60.92957047185576868742,-189.03381291319411161567,350.47985576329494961101
0,-403.96316947265034968950,36.49983761195701958968,43.22495595258693157348
0,122.62333061393061939270,-367.43346509112529929553,41.16264512618038651226
